{"cameraMode":{"drawMode":0,"name":"Shaded","section":"Shading Mode"},"sceneLighting":false,"audioPlay":false,"sceneViewState":{"m_AlwaysRefresh":false,"showFog":false,"showSkybox":false,"showFlares":false,"showImageEffects":false,"showParticleSystems":false,"showVisualEffectGraphs":true,"m_FxEnabled":true},"in2DMode":false,"pivot":{"x":0.0000015795230865478516,"y":0.8667447566986084,"z":0.0075483620166778568},"rotation":{"x":0.046941205859184268,"y":0.9233260154724121,"z":-0.11977344006299973,"w":0.36184602975845339},"size":1.041528582572937,"orthographic":false}