{"cameraMode":{"drawMode":0,"name":"Shaded","section":"Shading Mode"},"sceneLighting":false,"audioPlay":false,"sceneViewState":{"m_AlwaysRefresh":false,"showFog":false,"showSkybox":false,"showFlares":false,"showImageEffects":false,"showParticleSystems":false,"showVisualEffectGraphs":true,"m_FxEnabled":true},"in2DMode":false,"pivot":{"x":-0.009267270565032959,"y":1.057985544204712,"z":0.21685460209846497},"rotation":{"x":0.0027453715447336437,"y":0.9881669282913208,"z":-0.15238074958324433,"w":0.017788296565413476},"size":1.7251826524734498,"orthographic":false}