{"cameraMode":{"drawMode":0,"name":"Shaded","section":"Shading Mode"},"sceneLighting":true,"audioPlay":false,"sceneViewState":{"m_AlwaysRefresh":false,"showFog":true,"showSkybox":true,"showFlares":true,"showImageEffects":true,"showParticleSystems":true,"showVisualEffectGraphs":true,"m_FxEnabled":true},"in2DMode":false,"pivot":{"x":-0.1361958086490631,"y":0.769438624382019,"z":0.679720401763916},"rotation":{"x":-0.005085655488073826,"y":0.9912751317024231,"z":-0.1255672723054886,"w":-0.04016957804560661},"size":3.0525834560394289,"orthographic":false}