{"cameraMode":{"drawMode":0,"name":"Shaded","section":"Shading Mode"},"sceneLighting":true,"audioPlay":false,"sceneViewState":{"m_AlwaysRefresh":false,"showFog":true,"showSkybox":true,"showFlares":true,"showImageEffects":true,"showParticleSystems":true,"showVisualEffectGraphs":true,"m_FxEnabled":true},"in2DMode":false,"pivot":{"x":2.20975923538208,"y":0.07791256904602051,"z":-0.45168256759643557},"rotation":{"x":-0.004002217203378677,"y":0.9896901249885559,"z":-0.14047978818416596,"w":-0.028214816004037858},"size":4.138546466827393,"orthographic":false}